{
  "base_link": {
    "centers": [
      [
        -0.16398537158966064,
        0.030152684077620506,
        0.10947645455598831
      ],
      [
        -0.2962232232093811,
        -0.015075595118105412,
        0.467686265707016
      ],
      [
        0.14854826033115387,
        -0.16706572473049164,
        0.11227823048830032
      ],
      [
        0.1383775770664215,
        0.14951737225055695,
        0.1409500688314438
      ]
    ],
    "radii": [
      0.3706543743610382,
      0.2719455659389496,
      0.26297464966773987,
      0.2632770836353302
    ]
  },
  "base_footprint": {
    "centers": [],
    "radii": []
  },
  "base_bellow_link": {
    "centers": [
      [
        -0.00353600294329226,
        -0.015451458282768726,
        -0.012598589062690735
      ]
    ],
    "radii": [
      0.22872011363506317
    ]
  },
  "fl_caster_rotation_link": {
    "centers": [],
    "radii": []
  },
  "fl_caster_l_wheel_link": {
    "centers": [],
    "radii": []
  },
  "fl_caster_r_wheel_link": {
    "centers": [],
    "radii": []
  },
  "fr_caster_rotation_link": {
    "centers": [],
    "radii": []
  },
  "fr_caster_l_wheel_link": {
    "centers": [],
    "radii": []
  },
  "fr_caster_r_wheel_link": {
    "centers": [],
    "radii": []
  },
  "bl_caster_rotation_link": {
    "centers": [],
    "radii": []
  },
  "bl_caster_l_wheel_link": {
    "centers": [],
    "radii": []
  },
  "bl_caster_r_wheel_link": {
    "centers": [],
    "radii": []
  },
  "br_caster_rotation_link": {
    "centers": [],
    "radii": []
  },
  "br_caster_l_wheel_link": {
    "centers": [],
    "radii": []
  },
  "br_caster_r_wheel_link": {
    "centers": [],
    "radii": []
  },
  "torso_lift_link": {
    "centers": [
      [
        -0.175038680434227,
        -0.010261135175824165,
        -0.39161092042922974
      ],
      [
        -0.19810107350349426,
        0.020467011258006096,
        -0.10609979182481766
      ],
      [
        -0.11400002241134644,
        -0.09575977921485901,
        0.15417857468128204
      ],
      [
        -0.11427399516105652,
        0.07437416911125183,
        0.15334579348564148
      ]
    ],
    "radii": [
      0.1942698210477829,
      0.22273068130016327,
      0.2407943159341812,
      0.24226287007331848
    ]
  },
  "head_pan_link": {
    "centers": [
      [
        -0.03642147779464722,
        -0.07325528562068939,
        -0.005678620655089617
      ],
      [
        0.06520532071590424,
        -0.07628071308135986,
        -0.0035178177058696747
      ],
      [
        -0.030999096110463142,
        0.07780353724956512,
        -0.007060765754431486
      ],
      [
        0.0705844834446907,
        0.07357420027256012,
        -0.004888947121798992
      ]
    ],
    "radii": [
      0.1051211729645729,
      0.1067715659737587,
      0.1051211729645729,
      0.1067715659737587
    ]
  },
  "head_tilt_link": {
    "centers": [
      [
        -0.04339101165533066,
        -0.06693783402442932,
        0.10125353932380676
      ],
      [
        -0.04104635864496231,
        0.0650629773736,
        0.10140437632799149
      ]
    ],
    "radii": [
      0.14942696690559387,
      0.14942696690559387
    ]
  },
  "head_plate_frame": {
    "centers": [
      [
        0.0004328357463236898,
        0.00039662065682932734,
        0.00040788986370898783
      ]
    ],
    "radii": [
      0.008152786642313004
    ]
  },
  "laser_tilt_mount_link": {
    "centers": [],
    "radii": []
  },
  "r_shoulder_pan_link": {
    "centers": [
      [
        0.0013208468444645405,
        -0.007390378974378109,
        -0.4049173593521118
      ],
      [
        -0.0045356228947639465,
        0.010885218158364296,
        -0.22995935380458832
      ],
      [
        -0.01334024965763092,
        0.010732591152191162,
        0.008928578346967697
      ],
      [
        0.09522633999586105,
        -0.007872147485613823,
        -0.01252945140004158
      ]
    ],
    "radii": [
      0.15179254114627838,
      0.15947358310222626,
      0.18718689680099487,
      0.17584918439388275
    ]
  },
  "r_shoulder_lift_link": {
    "centers": [],
    "radii": []
  },
  "r_upper_arm_roll_link": {
    "centers": [
      [
        0.12925797700881958,
        0.0025574651081115007,
        -0.005273251328617334
      ]
    ],
    "radii": [
      0.07484281063079834
    ]
  },
  "r_upper_arm_link": {
    "centers": [
      [
        0.04850209504365921,
        0.0003772544441744685,
        -7.935669418657199e-05
      ],
      [
        0.2052300125360489,
        -0.007317032665014267,
        -0.012512391433119774
      ],
      [
        0.3316443860530853,
        0.0024006434250622988,
        -0.002870778553187847
      ],
      [
        0.4096810221672058,
        0.0036509321071207523,
        0.004561564885079861
      ]
    ],
    "radii": [
      0.11420346796512604,
      0.10762671381235123,
      0.10288514196872711,
      0.09719552844762802
    ]
  },
  "r_forearm_roll_link": {
    "centers": [],
    "radii": []
  },
  "r_elbow_flex_link": {
    "centers": [],
    "radii": []
  },
  "r_forearm_link": {
    "centers": [
      [
        0.11805389076471329,
        -0.01987893134355545,
        0.010373333469033241
      ],
      [
        0.1816810816526413,
        -0.028005626052618027,
        0.0011597193079069257
      ],
      [
        0.11834761500358582,
        0.021044664084911346,
        0.01125937607139349
      ],
      [
        0.18053339421749115,
        0.026934605091810226,
        0.0013252702774479985
      ],
      [
        0.25232934951782227,
        -0.023761246353387833,
        -0.009452767670154572
      ],
      [
        0.31651413440704346,
        -0.03141040354967117,
        -0.008180627599358559
      ],
      [
        0.25350072979927063,
        0.027144649997353554,
        -0.011849961243569851
      ],
      [
        0.3195396065711975,
        0.02990954928100109,
        -0.009252054616808891
      ]
    ],
    "radii": [
      0.06401005387306213,
      0.05953102931380272,
      0.0643274337053299,
      0.05867241695523262,
      0.05225127190351486,
      0.045754704624414444,
      0.05101114511489868,
      0.04663785547018051
    ]
  },
  "r_wrist_flex_link": {
    "centers": [],
    "radii": []
  },
  "r_wrist_roll_link": {
    "centers": [],
    "radii": []
  },
  "r_gripper_palm_link": {
    "centers": [
      [
        0.06273076683282852,
        0.004156854934990406,
        -0.002119014272466302
      ],
      [
        0.0982092022895813,
        -0.02462693490087986,
        -0.002132534747943282
      ],
      [
        0.09791258722543716,
        0.023958662524819374,
        0.00048187910579144955
      ]
    ],
    "radii": [
      0.05360984057188034,
      0.037377167493104935,
      0.03712496906518936
    ]
  },
  "r_gripper_motor_accelerometer_link": {
    "centers": [],
    "radii": []
  },
  "r_gripper_l_finger_link": {
    "centers": [
      [
        0.015406283549964428,
        0.01892969384789467,
        -0.010610692203044891
      ],
      [
        0.01350821740925312,
        0.01797664538025856,
        0.013262605294585228
      ],
      [
        0.04496058076620102,
        0.018659982830286026,
        -0.001862239558249712
      ],
      [
        0.07805456221103668,
        0.01721453294157982,
        0.0007579728844575584
      ]
    ],
    "radii": [
      0.03385380655527115,
      0.032326921820640564,
      0.030978744849562645,
      0.023999899625778198
    ]
  },